{
  "tool_end_1_pose": {
    "pos": [
      0.0,
      0.0,
      0.50
    ],
    "ori": [
      0.0,
      0.0,
      0.0
    ]
  },
  "fs_store_1": {
    "pos": [
      -0.641207,
      0.507336,
      0.027046
    ],
    "ori": [
      -179.967,
      -0.202,
      0.356
    ]
  },
  "fs_middle_1": {
    "pos": [
      -0.509695,
      0.507336,
      0.037059
    ],
    "ori": [
      -179.967,
      -0.202,
      0.356
    ]
  },
  "tool_end_2_pose": {
    "pos": [
      0.0,
      0.0,
      0.35
    ],
    "ori": [
      0.0,
      0.0,
      0.0
    ]
  },
  "fs_store_2": {
    "pos": [
      -0.637585,
      0.366995,
      0.0255
    ],
    "ori": [
      -179.967,
      -0.202,
      0.356
    ]
  },
  "fs_middle_2": {
    "pos": [
      -0.503185,
      0.366995,
      0.03555
    ],
    "ori": [
      -179.967,
      -0.202,
      0.356
    ]
  }
}