{
  "tool_end_1_pose": {
    "pos": [
      0.0,
      0.0,
      0.3255
    ],
    "ori": [
      0.0,
      0.0,
      0.0
    ]
  },
  "fs_store_1": {
    "pos": [
      -0.3581581860714046,
      -0.6409470155077567,
      0.32892619917956767
    ],
    "ori": [
      179.8920663493331,
      -0.20387478479206936,
      -0.015339347847157993
    ]
  },
  "fs_middle_1": {
    "pos": [
      -0.35839804861863467,
      -0.4685983048209619,
      0.3389008621903653
    ],
    "ori": [
      -179.7712623191217,
      -0.007459995364847678,
      0.0934297346715333
    ]
  },
  "tool_end_2_pose": {
    "pos": [
      0.0,
      0.0,
      0.1862
    ],
    "ori": [
      0.0,
      0.0,
      0.0
    ]
  },
  "fs_store_2": {
    "pos": [
      -0.21834140543487493,
      -0.6437908828866009,
      0.3289919310015789
    ],
    "ori": [
      -179.28617833981798,
      -0.263372575749358,
      0.08877895317164734
    ]
  },
  "fs_middle_2": {
    "pos": [
      -0.21820212259292615,
      -0.508472696221989,
      0.33891817239496663
    ],
    "ori": [
      -179.82659822815285,
      0.07209861621251862,
      0.007783084730380091
    ]
  },
  "tool_end_3_pose": {
    "pos": [
      0.0,
      0.0,
      0.24
    ],
    "ori": [
      0.0,
      0.0,
      0.0
    ]
  },
  "fs_store_3": {
    "pos": [
      -0.03834471694784971,
      -0.6463635442359209,
      0.3289982181562358
    ],
    "ori": [
      -179.59529980524002,
      -0.06798869544732655,
      0.37354984009053804
    ]
  },
  "fs_middle_3": {
    "pos": [
      -0.038344679768511025,
      -0.5077637134118219,
      0.3389175494258086
    ],
    "ori": [
      -179.595329753645,
      -0.06800349153103764,
      0.3735577064816967
    ]
  },
  "tool_end_4_pose": {
    "pos": [
      0.0,
      0.0,
      0.1135
    ],
    "ori": [
      0.0,
      0.0,
      0.0
    ]
  },
  "fs_store_4": {
    "pos": [
      0.10180643834184719,
      -0.6476305101114042,
      0.32892413633881334
    ],
    "ori": [
      -179.57351687081245,
      0.009473690905338531,
      0.11980507661312903
    ]
  },
  "fs_middle_4": {
    "pos": [
      0.10180651221336479,
      -0.5111754496266355,
      0.33897798539559204
    ],
    "ori": [
      -179.5735734530259,
      0.009433352678508427,
      0.11980160787683856
    ]
  }
}