{
  "tool_end_1_pose": {
    "pos": [
      0.0,
      0.0,
      0.50
    ],
    "ori": [
      0.0,
      0.0,
      0.0
    ]
  },
  "fs_store_1": {
    "pos": [
      -0.639753,
      0.505062,
      0.027059
    ],
    "ori": [
      -179.055,
      -0.267,
      2.67
    ]
  },
  "fs_middle_1": {
    "pos": [
      -0.509695,
      0.505062,
      0.037059
    ],
    "ori": [
      -179.055,
      -0.267,
      2.67
    ]
  },
  "tool_end_2_pose": {
    "pos": [
      0.0,
      0.0,
      0.35
    ],
    "ori": [
      0.0,
      0.0,
      0.0
    ]
  },
  "fs_store_2": {
    "pos": [
      -0.635191,
      0.365721,
      0.0255
    ],
    "ori": [
      -179.055,
      -0.267,
      2.67
    ]
  },
  "fs_middle_2": {
    "pos": [
      -0.503185,
      0.365721,
      0.03555
    ],
    "ori": [
      -179.055,
      -0.267,
      2.67
    ]
  }
}