{
  "tool_end_1_pose": {
    "pos": [
      0.0,
      0.0,
      0.50
    ],
    "ori": [
      0.0,
      0.0,
      0.0
    ]
  },
  "fs_store_1": {
    "pos": [
      -0.643138,
      0.504905,
      0.027113
    ],
    "ori": [
      179.657,
      -0.029,
      0.308
    ]
  },
  "fs_middle_1": {
    "pos": [
      -0.509695,
      0.504905,
      0.037059
    ],
    "ori": [
      179.657,
      -0.029,
      0.308
    ]
  },
  "tool_end_2_pose": {
    "pos": [
      0.0,
      0.0,
      0.35
    ],
    "ori": [
      0.0,
      0.0,
      0.0
    ]
  },
  "fs_store_2": {
    "pos": [
      -0.640347,
      0.36372,
      0.0255
    ],
    "ori": [
      179.657,
      -0.029,
      0.308
    ]
  },
  "fs_middle_2": {
    "pos": [
      -0.503185,
      0.36372,
      0.03555
    ],
    "ori": [
      179.657,
      -0.029,
      0.308
    ]
  }
}